network_name;problem_type;best_known_solution;number_of_runs;nodes;regular_nodes;elite_nodes;start_nodes;standard_nodes;end_nodes;edges;worsening_edges;equal_edges;improving_edges;edges_tendency;regular_start_nodes;elite_start_nodes;regular_start_configuration_rate;elite_start_configuration_rate;regular_configuration_rate;elite_configuration_rate;best_nodes;average_degree;average_in_degree;average_out_degree;average_regular_in_degree;average_regular_out_degree;average_elite_in_degree;average_elite_out_degree;average_best_in_degree;average_best_out_degree;best_strength_in;average_path_length;paths;components;average_configurations_survival_rates;best_nodes_rate;regular_nodes_rate;elite_nodes_rate;start_nodes_rate;standard_nodes_rate;end_nodes_rate;worsening_edges_rate;equal_edges_rate;improving_edges_rate
E4-L1;min;1265596.44;20;2901;2756;144;1417;1360;124;2444;1241;0;1203;0.492225859247136;1364;52;0.358663976686842;0.0134498991257566;0.915489800493163;0.084510199506837;1;1.68493622888659;0.842468114443295;0.842468114443295;0.779390420899855;0;2.05555555555556;16.9166666666667;NA;NA;NA;0;1;1162;0.211905520315242;0.000344708721130645;0.950017235436057;0.0496380558428128;0.488452257842123;0.468803860737677;0.0427438814201999;0.507774140752864;0;0.492225859247136
E4-L2;min;1513830.86;20;1305;1205;99;975;252;78;1992;998;0;994;0.498995983935743;938;36;0.358663976686842;0.0134498991257566;0.915489800493163;0.084510199506837;1;3.05287356321839;1.5264367816092;1.5264367816092;1.20746887966805;0;5.42424242424242;20.1212121212121;NA;NA;NA;0;1;491;0.211905520315242;0.000766283524904215;0.923371647509579;0.0758620689655172;0.747126436781609;0.193103448275862;0.0597701149425287;0.501004016064257;0;0.498995983935743
E4-L3;min;1525948.86;20;400;347;52;361;0;39;1225;600;0;625;0.510204081632653;339;21;0.358663976686842;0.0134498991257566;0.915489800493163;0.084510199506837;1;6.125;3.0625;3.0625;2.44380403458213;0;7.25;23.5576923076923;NA;NA;NA;0;1;91;0.211905520315242;0.0025;0.8675;0.13;0.9025;0;0.0975;0.489795918367347;0;0.510204081632653
