network_names;problem_type;best_known_solution;number_of_networks;nodes;start_nodes;standard_nodes;end_nodes;edges;best_nodes;average_degree;average_in_degree;average_out_degree;average_best_in_degree;average_best_out_degree;best_strength_in;average_path_length;paths;components;shared_nodes;shared_regular_nodes;shared_elite_nodes;shared_mixed_nodes;network_regular_nodes;network_elite_nodes;best_nodes_rate;start_rate;standard_rate;end_rate;shared_rate;shared_regular_rate;shared_elite_rate;shared_mixed_rate;network_regular_rate;network_elite_rate;average_shared_in_degree;average_shared_out_degree;average_shared_regular_in_degree;average_shared_regular_out_degree;average_shared_elite_in_degree;average_shared_elite_out_degree;average_shared_mixed_in_degree;average_shared_mixed_out_degree
E5-L1, E6-L1;min;13.87;2;5045;1450;3217;378;3594;1;1.42477700693756;0.712388503468781;0.712388503468781;0;0;0;0;1;1451;4145;3809;335;0;826;74;0.000198216055500496;0.287413280475719;0.637661050545094;0.0749256689791873;0.821605550049554;0.755004955401388;0.066402378592666;0;0.163726461843409;0.0146679881070367;0.713630880579011;0.713630880579011;0.711735363612497;0;0.737313432835821;8.82985074626866;NA;NA
E5-L2, E6-L2;min;13.87;2;5041;1450;3212;379;3593;1;1.42551081134696;0.712755405673478;0.712755405673478;0;0;0;0;1;1448;4144;3807;336;0;824;73;0.000198373338623289;0.287641341003769;0.637175163658004;0.0751834953382265;0.82205911525491;0.755207300138861;0.0666534417774251;0;0.16345963102559;0.0144812537195001;0.714285714285714;0.717664092664093;0.71210927239296;0;0.741071428571429;8.85119047619048;NA;NA
E5-L3, E6-L3;min;13.87;2;4999;1450;3179;370;3578;1;1.43148629725945;0.715743148629726;0.715743148629726;0;0;0;0;1;1431;4114;3777;335;1;814;71;0.0002000400080016;0.29005801160232;0.635927185437087;0.0740148029605921;0.822964592918584;0.755551110222044;0.0670134026805361;0.0002000400080016;0.162832566513303;0.0142028405681136;0.718522119591638;0.725085075352455;0.714853057982526;0;0.758208955223881;8.90149253731343;2;1
